Dia,Franquia,vendas,filiacao,refiliacao
2026-01-01,BELEM CENTRO,1,0,1
2026-01-01,MANAUS CENTRO,3,2,1
2026-01-01,MANAUS NORTE,2,0,2
2026-01-01,OSASCO,6,6,0
2026-01-01,PORTO ALEGRE NORTE,2,2,0
2026-01-02,BELEM CENTRO,4,3,1
2026-01-02,MANAUS CENTRO,41,37,4
2026-01-02,MANAUS NORTE,41,30,11
2026-01-02,OSASCO,7,6,1
2026-01-02,PARINTINS,2,0,2
2026-01-02,PORTO ALEGRE NORTE,9,6,3
2026-01-03,BELEM CENTRO,5,5,0
2026-01-03,MANAUS CENTRO,18,17,1
2026-01-03,MANAUS NORTE,20,15,5
2026-01-03,OSASCO,9,9,0
2026-01-03,PORTO ALEGRE NORTE,5,4,1
2026-01-04,BELEM CENTRO,4,3,1
2026-01-04,MANAUS CENTRO,5,5,0
2026-01-04,MANAUS NORTE,4,3,1
2026-01-04,OSASCO,7,6,1
2026-01-04,PORTO ALEGRE NORTE,2,2,0
2026-01-05,BELEM CENTRO,36,29,7
2026-01-05,MANAUS CENTRO,65,53,12
2026-01-05,MANAUS NORTE,78,61,17
2026-01-05,OSASCO,37,26,11
2026-01-05,PARINTINS,12,5,7
2026-01-05,PORTO ALEGRE NORTE,11,4,7
2026-01-06,BELEM CENTRO,25,23,2
2026-01-06,MANAUS CENTRO,53,41,12
2026-01-06,MANAUS NORTE,43,27,16
2026-01-06,OSASCO,38,29,9
2026-01-06,PARINTINS,8,1,7
2026-01-06,PORTO ALEGRE NORTE,23,15,8
2026-01-07,BELEM CENTRO,23,20,3
2026-01-07,MANAUS CENTRO,49,36,13
2026-01-07,MANAUS NORTE,57,50,7
2026-01-07,OSASCO,39,28,11
2026-01-07,PARINTINS,10,1,9
2026-01-07,PORTO ALEGRE NORTE,8,4,4
2026-01-08,BELEM CENTRO,26,22,4
2026-01-08,MANAUS CENTRO,53,46,7
2026-01-08,MANAUS NORTE,58,49,9
2026-01-08,OSASCO,34,28,6
2026-01-08,PARINTINS,10,1,9
2026-01-08,PORTO ALEGRE NORTE,14,11,3
2026-01-09,BELEM CENTRO,23,18,5
2026-01-09,MANAUS CENTRO,47,33,14
2026-01-09,MANAUS NORTE,55,47,8
2026-01-09,OSASCO,28,18,10
2026-01-09,PARINTINS,10,2,8
2026-01-09,PORTO ALEGRE NORTE,16,11,5
2026-01-10,BELEM CENTRO,8,7,1
2026-01-10,MANAUS CENTRO,23,17,6
2026-01-10,MANAUS NORTE,32,27,5
2026-01-10,OSASCO,17,13,4
2026-01-10,PORTO ALEGRE NORTE,4,2,2
2026-01-11,BELEM CENTRO,1,1,0
2026-01-11,MANAUS CENTRO,4,3,1
2026-01-11,MANAUS NORTE,5,5,0
2026-01-11,OSASCO,5,5,0
2026-01-11,PORTO ALEGRE NORTE,3,3,0
2026-01-12,BELEM CENTRO,34,26,8
2026-01-12,MANAUS CENTRO,53,45,8
2026-01-12,MANAUS NORTE,68,50,18
2026-01-12,OSASCO,32,24,8
2026-01-12,PARINTINS,10,1,9
2026-01-12,PORTO ALEGRE NORTE,20,14,6
2026-01-13,BELEM CENTRO,29,19,10
2026-01-13,MANAUS CENTRO,42,37,5
2026-01-13,MANAUS NORTE,49,41,8
2026-01-13,OSASCO,38,32,6
2026-01-13,PARINTINS,10,2,8
2026-01-13,PORTO ALEGRE NORTE,16,12,4
2026-01-14,BELEM CENTRO,25,21,4
2026-01-14,MANAUS CENTRO,35,29,6
2026-01-14,MANAUS NORTE,60,49,11
2026-01-14,OSASCO,31,21,10
2026-01-14,PARINTINS,6,1,5
2026-01-14,PORTO ALEGRE NORTE,12,8,4
2026-01-15,BELEM CENTRO,37,31,6
2026-01-15,MANAUS CENTRO,42,34,8
2026-01-15,MANAUS NORTE,44,32,12
2026-01-15,OSASCO,27,17,10
2026-01-15,PARINTINS,8,3,5
2026-01-15,PORTO ALEGRE NORTE,17,14,3
2026-01-16,BELEM CENTRO,30,23,7
2026-01-16,MANAUS CENTRO,38,33,5
2026-01-16,MANAUS NORTE,47,34,13
2026-01-16,OSASCO,22,16,6
2026-01-16,PARINTINS,3,3,0
2026-01-16,PORTO ALEGRE NORTE,5,3,2
2026-01-17,BELEM CENTRO,14,11,3
2026-01-17,MANAUS CENTRO,10,8,2
2026-01-17,MANAUS NORTE,27,22,5
2026-01-17,OSASCO,13,11,2
2026-01-17,PORTO ALEGRE NORTE,9,8,1
2026-01-18,BELEM CENTRO,2,2,0
2026-01-18,MANAUS CENTRO,3,3,0
2026-01-18,MANAUS NORTE,5,5,0
2026-01-18,OSASCO,3,3,0
2026-01-18,PORTO ALEGRE NORTE,2,2,0
2026-01-19,BELEM CENTRO,31,24,7
2026-01-19,MANAUS CENTRO,46,33,13
2026-01-19,MANAUS NORTE,65,52,13
2026-01-19,OSASCO,38,33,5
2026-01-19,PARINTINS,4,2,2
2026-01-19,PORTO ALEGRE NORTE,18,13,5
2026-01-20,BELEM CENTRO,43,35,8
2026-01-20,MANAUS CENTRO,46,39,7
2026-01-20,MANAUS NORTE,62,48,14
2026-01-20,OSASCO,41,27,14
2026-01-20,PARINTINS,11,3,8
2026-01-20,PORTO ALEGRE NORTE,19,13,6
2026-01-21,BELEM CENTRO,33,25,8
2026-01-21,MANAUS CENTRO,41,34,7
2026-01-21,MANAUS NORTE,59,51,8
2026-01-21,OSASCO,28,24,4
2026-01-21,PARINTINS,5,4,1
2026-01-21,PORTO ALEGRE NORTE,17,11,6
2026-01-22,BELEM CENTRO,47,37,10
2026-01-22,MANAUS CENTRO,44,30,14
2026-01-22,MANAUS NORTE,48,37,11
2026-01-22,OSASCO,30,25,5
2026-01-22,PARINTINS,7,2,5
2026-01-22,PORTO ALEGRE NORTE,14,12,2
2026-01-23,BELEM CENTRO,44,38,6
2026-01-23,MANAUS CENTRO,32,24,8
2026-01-23,MANAUS NORTE,61,51,10
2026-01-23,OSASCO,22,17,5
2026-01-23,PARINTINS,7,2,5
2026-01-23,PORTO ALEGRE NORTE,15,9,6
2026-01-24,BELEM CENTRO,17,9,8
2026-01-24,MANAUS CENTRO,19,12,7
2026-01-24,MANAUS NORTE,28,24,4
2026-01-24,OSASCO,15,11,4
2026-01-24,PARINTINS,1,1,0
2026-01-24,PORTO ALEGRE NORTE,10,9,1
2026-01-25,BELEM CENTRO,1,1,0
2026-01-25,MANAUS CENTRO,2,1,1
2026-01-25,MANAUS NORTE,5,5,0
2026-01-25,OSASCO,7,6,1
2026-01-25,PORTO ALEGRE NORTE,2,2,0
2026-01-26,BELEM CENTRO,32,27,5
2026-01-26,MANAUS CENTRO,39,31,8
2026-01-26,MANAUS NORTE,55,48,7
2026-01-26,OSASCO,36,26,10
2026-01-26,PARINTINS,4,1,3
2026-01-26,PORTO ALEGRE NORTE,23,12,11
2026-01-27,BELEM CENTRO,29,25,4
2026-01-27,MANAUS CENTRO,45,35,10
2026-01-27,MANAUS NORTE,38,32,6
2026-01-27,OSASCO,20,16,4
2026-01-27,PARINTINS,11,4,7
2026-01-27,PORTO ALEGRE NORTE,8,6,2
2026-01-28,BELEM CENTRO,48,29,19
2026-01-28,MANAUS CENTRO,49,35,14
2026-01-28,MANAUS NORTE,59,48,11
2026-01-28,OSASCO,30,21,9
2026-01-28,PARINTINS,5,3,2
2026-01-28,PORTO ALEGRE NORTE,17,12,5
2026-01-29,BELEM CENTRO,41,35,6
2026-01-29,MANAUS CENTRO,43,37,6
2026-01-29,MANAUS NORTE,59,44,15
2026-01-29,OSASCO,34,28,6
2026-01-29,PARINTINS,3,2,1
2026-01-29,PORTO ALEGRE NORTE,11,8,3
2026-01-30,BELEM CENTRO,52,31,21
2026-01-30,MANAUS CENTRO,49,40,9
2026-01-30,MANAUS NORTE,44,35,9
2026-01-30,OSASCO,29,25,4
2026-01-30,PARINTINS,7,6,1
2026-01-30,PORTO ALEGRE NORTE,18,14,4
2026-01-31,BELEM CENTRO,26,16,10
2026-01-31,MANAUS CENTRO,31,23,8
2026-01-31,MANAUS NORTE,26,22,4
2026-01-31,OSASCO,16,15,1
2026-01-31,PARINTINS,3,2,1
2026-01-31,PORTO ALEGRE NORTE,4,3,1
2026-02-01,MANAUS CENTRO,3,3,0
2026-02-01,MANAUS NORTE,6,5,1
2026-02-01,OSASCO,3,3,0
2026-02-01,PORTO ALEGRE NORTE,2,1,1
2026-02-02,BELEM CENTRO,32,28,4
2026-02-02,MANAUS CENTRO,45,40,5
2026-02-02,MANAUS NORTE,65,50,15
2026-02-02,OSASCO,37,23,14
2026-02-02,PARINTINS,5,4,1
2026-02-02,PORTO ALEGRE NORTE,2,2,0
2026-02-03,BELEM CENTRO,29,23,6
2026-02-03,MANAUS CENTRO,32,26,6
2026-02-03,MANAUS NORTE,56,44,12
2026-02-03,OSASCO,33,24,9
2026-02-03,PARINTINS,3,1,2
2026-02-03,PORTO ALEGRE NORTE,17,11,6
2026-02-04,BELEM CENTRO,38,28,10
2026-02-04,MANAUS CENTRO,44,35,9
2026-02-04,MANAUS NORTE,56,39,17
2026-02-04,OSASCO,36,29,7
2026-02-04,PARINTINS,6,4,2
2026-02-04,PORTO ALEGRE NORTE,9,6,3
2026-02-05,BELEM CENTRO,31,21,10
2026-02-05,MANAUS CENTRO,41,35,6
2026-02-05,MANAUS NORTE,63,44,19
2026-02-05,OSASCO,39,33,6
2026-02-05,PARINTINS,9,2,7
2026-02-05,PORTO ALEGRE NORTE,17,11,6
2026-02-06,BELEM CENTRO,36,22,14
2026-02-06,MANAUS CENTRO,40,26,14
2026-02-06,MANAUS NORTE,55,45,10
2026-02-06,OSASCO,30,22,8
2026-02-06,PARINTINS,3,1,2
2026-02-06,PORTO ALEGRE NORTE,15,10,5
2026-02-07,BELEM CENTRO,12,7,5
2026-02-07,MANAUS CENTRO,23,20,3
2026-02-07,MANAUS NORTE,22,20,2
2026-02-07,OSASCO,14,10,4
2026-02-07,PARINTINS,2,2,0
2026-02-07,PORTO ALEGRE NORTE,4,4,0
2026-02-08,BELEM CENTRO,2,1,1
2026-02-08,MANAUS CENTRO,10,5,5
2026-02-08,MANAUS NORTE,1,0,1
2026-02-08,OSASCO,7,6,1
2026-02-08,PORTO ALEGRE NORTE,2,2,0
2026-02-09,BELEM CENTRO,31,26,5
2026-02-09,MANAUS CENTRO,51,40,11
2026-02-09,MANAUS NORTE,58,50,8
2026-02-09,OSASCO,39,36,3
2026-02-09,PARINTINS,3,3,0
2026-02-09,PORTO ALEGRE NORTE,19,13,6
2026-02-10,BELEM CENTRO,28,22,6
2026-02-10,MANAUS CENTRO,45,37,8
2026-02-10,MANAUS NORTE,68,49,19
2026-02-10,OSASCO,32,25,7
2026-02-10,PARINTINS,5,0,5
2026-02-10,PORTO ALEGRE NORTE,17,11,6
2026-02-11,BELEM CENTRO,28,19,9
2026-02-11,MANAUS CENTRO,46,34,12
2026-02-11,MANAUS NORTE,67,50,17
2026-02-11,OSASCO,35,26,9
2026-02-11,PARINTINS,4,3,1
2026-02-11,PORTO ALEGRE NORTE,16,11,5
2026-02-12,BELEM CENTRO,32,18,14
2026-02-12,MANAUS CENTRO,44,36,8
2026-02-12,MANAUS NORTE,52,39,13
2026-02-12,OSASCO,23,19,4
2026-02-12,PARINTINS,5,2,3
2026-02-12,PORTO ALEGRE NORTE,14,12,2
2026-02-13,BELEM CENTRO,20,14,6
2026-02-13,MANAUS CENTRO,34,23,11
2026-02-13,MANAUS NORTE,42,31,11
2026-02-13,OSASCO,27,22,5
2026-02-13,PARINTINS,8,4,4
2026-02-13,PORTO ALEGRE NORTE,10,7,3
2026-02-14,BELEM CENTRO,16,8,8
2026-02-14,MANAUS CENTRO,16,13,3
2026-02-14,MANAUS NORTE,20,16,4
2026-02-14,OSASCO,12,8,4
2026-02-14,PARINTINS,1,0,1
2026-02-14,PORTO ALEGRE NORTE,2,2,0
2026-02-15,BELEM CENTRO,2,2,0
2026-02-15,MANAUS CENTRO,7,7,0
2026-02-15,MANAUS NORTE,3,3,0
2026-02-15,OSASCO,5,4,1
2026-02-15,PARINTINS,1,1,0
2026-02-15,PORTO ALEGRE NORTE,1,0,1
2026-02-16,BELEM CENTRO,4,3,1
2026-02-16,MANAUS CENTRO,23,20,3
2026-02-16,MANAUS NORTE,33,27,6
2026-02-16,OSASCO,24,17,7
2026-02-16,PORTO ALEGRE NORTE,1,0,1
2026-02-17,BELEM CENTRO,2,2,0
2026-02-17,MANAUS CENTRO,11,10,1
2026-02-17,MANAUS NORTE,14,13,1
2026-02-17,OSASCO,7,5,2
2026-02-17,PORTO ALEGRE NORTE,3,3,0
2026-02-18,BELEM CENTRO,18,15,3
2026-02-18,MANAUS CENTRO,9,7,2
2026-02-18,MANAUS NORTE,24,23,1
2026-02-18,OSASCO,8,7,1
2026-02-18,PARINTINS,3,1,2
2026-02-18,PORTO ALEGRE NORTE,13,9,4
2026-02-19,BELEM CENTRO,23,15,8
2026-02-19,MANAUS CENTRO,44,36,8
2026-02-19,MANAUS NORTE,58,43,15
2026-02-19,OSASCO,6,5,1
2026-02-19,PARINTINS,11,3,8
2026-02-19,PORTO ALEGRE NORTE,13,10,3
2026-02-20,BELEM CENTRO,51,32,19
2026-02-20,MANAUS CENTRO,26,20,6
2026-02-20,MANAUS NORTE,55,42,13
2026-02-20,OSASCO,34,30,4
2026-02-20,PARINTINS,8,2,6
2026-02-20,PORTO ALEGRE NORTE,13,11,2
2026-02-21,BELEM CENTRO,27,17,10
2026-02-21,MANAUS CENTRO,19,18,1
2026-02-21,MANAUS NORTE,24,16,8
2026-02-21,OSASCO,23,15,8
2026-02-21,PORTO ALEGRE NORTE,2,1,1
2026-02-22,BELEM CENTRO,5,3,2
2026-02-22,MANAUS CENTRO,2,1,1
2026-02-22,MANAUS NORTE,5,5,0
2026-02-22,OSASCO,8,8,0
2026-02-22,PORTO ALEGRE NORTE,2,2,0
2026-02-23,BELEM CENTRO,34,23,11
2026-02-23,MANAUS CENTRO,37,31,6
2026-02-23,MANAUS NORTE,59,44,15
2026-02-23,OSASCO,50,39,11
2026-02-23,PARINTINS,6,5,1
2026-02-23,PORTO ALEGRE NORTE,8,8,0
2026-02-24,BELEM CENTRO,45,35,10
2026-02-24,MANAUS CENTRO,35,32,3
2026-02-24,MANAUS NORTE,56,40,16
2026-02-24,OSASCO,23,20,3
2026-02-24,PARINTINS,7,2,5
2026-02-24,PORTO ALEGRE NORTE,15,11,4
2026-02-25,BELEM CENTRO,42,30,12
2026-02-25,MANAUS CENTRO,52,41,11
2026-02-25,MANAUS NORTE,59,44,15
2026-02-25,OSASCO,30,19,11
2026-02-25,PARINTINS,4,2,2
2026-02-25,PORTO ALEGRE NORTE,9,3,6
2026-02-26,BELEM CENTRO,42,29,13
2026-02-26,MANAUS CENTRO,22,19,3
2026-02-26,MANAUS NORTE,45,26,19
2026-02-26,OSASCO,31,22,9
2026-02-26,PARINTINS,7,2,5
2026-02-26,PORTO ALEGRE NORTE,10,9,1
2026-02-27,BELEM CENTRO,42,29,13
2026-02-27,MANAUS CENTRO,25,19,6
2026-02-27,MANAUS NORTE,53,35,18
2026-02-27,OSASCO,34,22,12
2026-02-27,PARINTINS,7,3,4
2026-02-27,PORTO ALEGRE NORTE,16,13,3
2026-02-28,BELEM CENTRO,38,22,16
2026-02-28,MANAUS CENTRO,25,17,8
2026-02-28,MANAUS NORTE,41,35,6
2026-02-28,OSASCO,15,11,4
2026-02-28,PARINTINS,2,2,0
2026-02-28,PORTO ALEGRE NORTE,9,6,3
2026-03-01,BELEM CENTRO,1,1,0
2026-03-01,MANAUS CENTRO,3,3,0
2026-03-01,MANAUS NORTE,4,3,1
2026-03-01,OSASCO,1,0,1
2026-03-01,PORTO ALEGRE NORTE,2,2,0
2026-03-02,BELEM CENTRO,25,17,8
2026-03-02,MANAUS CENTRO,51,47,4
2026-03-02,MANAUS NORTE,76,59,17
2026-03-02,OSASCO,30,22,8
2026-03-02,PARINTINS,7,5,2
2026-03-02,PORTO ALEGRE NORTE,7,4,3
2026-03-03,BELEM CENTRO,24,20,4
2026-03-03,MANAUS CENTRO,51,37,14
2026-03-03,MANAUS NORTE,71,58,13
2026-03-03,OSASCO,47,35,12
2026-03-03,PARINTINS,5,3,2
2026-03-03,PORTO ALEGRE NORTE,13,11,2
2026-03-04,BELEM CENTRO,26,20,6
2026-03-04,MANAUS CENTRO,50,39,11
2026-03-04,MANAUS NORTE,63,53,10
2026-03-04,OSASCO,28,23,5
2026-03-04,PARINTINS,9,7,2
2026-03-04,PORTO ALEGRE NORTE,9,7,2
2026-03-05,BELEM CENTRO,17,14,3
2026-03-05,MANAUS CENTRO,40,35,5
2026-03-05,MANAUS NORTE,67,50,17
2026-03-05,OSASCO,34,25,9
2026-03-05,PARINTINS,5,3,2
2026-03-05,PORTO ALEGRE NORTE,5,4,1
2026-03-06,BELEM CENTRO,19,18,1
2026-03-06,MANAUS CENTRO,43,34,9
2026-03-06,MANAUS NORTE,38,28,10
2026-03-06,OSASCO,23,16,7
2026-03-06,PARINTINS,8,4,4
2026-03-06,PORTO ALEGRE NORTE,12,6,6
2026-03-07,BELEM CENTRO,13,10,3
2026-03-07,MANAUS CENTRO,22,16,6
2026-03-07,MANAUS NORTE,30,21,9
2026-03-07,OSASCO,13,12,1
2026-03-07,PORTO ALEGRE NORTE,6,4,2
2026-03-08,BELEM CENTRO,2,2,0
2026-03-08,MANAUS CENTRO,3,3,0
2026-03-08,MANAUS NORTE,1,1,0
2026-03-08,OSASCO,2,2,0
2026-03-08,PORTO ALEGRE NORTE,5,5,0
2026-03-09,BELEM CENTRO,50,41,9
2026-03-09,MANAUS CENTRO,55,44,11
2026-03-09,MANAUS NORTE,62,53,9
2026-03-09,OSASCO,26,18,8
2026-03-09,PARINTINS,10,9,1
2026-03-09,PORTO ALEGRE NORTE,10,5,5
2026-03-10,BELEM CENTRO,36,24,12
2026-03-10,MANAUS CENTRO,52,44,8
2026-03-10,MANAUS NORTE,59,46,13
2026-03-10,OSASCO,26,23,3
2026-03-10,PARINTINS,4,4,0
2026-03-10,PORTO ALEGRE NORTE,12,10,2
2026-03-11,BELEM CENTRO,31,23,8
2026-03-11,MANAUS CENTRO,49,35,14
2026-03-11,MANAUS NORTE,68,48,20
2026-03-11,OSASCO,28,25,3
2026-03-11,PARINTINS,3,3,0
2026-03-11,PORTO ALEGRE NORTE,13,7,6
2026-03-12,BELEM CENTRO,23,21,2
2026-03-12,MANAUS CENTRO,42,31,11
2026-03-12,MANAUS NORTE,45,35,10
2026-03-12,OSASCO,22,14,8
2026-03-12,PARINTINS,4,3,1
2026-03-12,PORTO ALEGRE NORTE,16,11,5
2026-03-13,BELEM CENTRO,25,23,2
2026-03-13,MANAUS CENTRO,34,29,5
2026-03-13,MANAUS NORTE,48,43,5
2026-03-13,OSASCO,30,24,6
2026-03-13,PARINTINS,1,0,1
2026-03-13,PORTO ALEGRE NORTE,12,10,2
2026-03-14,BELEM CENTRO,10,7,3
2026-03-14,MANAUS CENTRO,21,16,5
2026-03-14,MANAUS NORTE,21,19,2
2026-03-14,OSASCO,5,3,2
2026-03-14,PORTO ALEGRE NORTE,3,2,1
2026-03-15,BELEM CENTRO,2,2,0
2026-03-15,MANAUS CENTRO,2,1,1
2026-03-15,MANAUS NORTE,1,1,0
2026-03-15,OSASCO,1,1,0
2026-03-15,PORTO ALEGRE NORTE,1,1,0
2026-03-16,BELEM CENTRO,28,27,1
2026-03-16,MANAUS CENTRO,58,51,7
2026-03-16,MANAUS NORTE,66,51,15
2026-03-16,OSASCO,35,20,15
2026-03-16,PARINTINS,1,1,0
2026-03-16,PORTO ALEGRE NORTE,14,12,2
2026-03-17,BELEM CENTRO,23,15,8
2026-03-17,MANAUS CENTRO,41,35,6
2026-03-17,MANAUS NORTE,55,46,9
2026-03-17,OSASCO,48,40,8
2026-03-17,PARINTINS,4,3,1
2026-03-17,PORTO ALEGRE NORTE,11,9,2
2026-03-18,BELEM CENTRO,27,23,4
2026-03-18,MANAUS CENTRO,46,37,9
2026-03-18,MANAUS NORTE,47,39,8
2026-03-18,OSASCO,44,39,5
2026-03-18,PARINTINS,3,1,2
2026-03-18,PORTO ALEGRE NORTE,12,9,3
2026-03-19,BELEM CENTRO,21,19,2
2026-03-19,MANAUS CENTRO,32,27,5
2026-03-19,MANAUS NORTE,43,34,9
2026-03-19,OSASCO,48,34,14
2026-03-19,PARINTINS,2,0,2
2026-03-19,PORTO ALEGRE NORTE,13,7,6
2026-03-20,BELEM CENTRO,35,28,7
2026-03-20,MANAUS CENTRO,42,37,5
2026-03-20,MANAUS NORTE,44,31,13
2026-03-20,OSASCO,40,30,10
2026-03-20,PARINTINS,7,4,3
2026-03-20,PORTO ALEGRE NORTE,8,5,3
2026-03-21,BELEM CENTRO,10,8,2
2026-03-21,MANAUS CENTRO,12,10,2
2026-03-21,MANAUS NORTE,25,20,5
2026-03-21,OSASCO,7,7,0
2026-03-21,PARINTINS,3,2,1
2026-03-21,PORTO ALEGRE NORTE,1,1,0
2026-03-22,BELEM CENTRO,3,2,1
2026-03-22,MANAUS CENTRO,3,3,0
2026-03-22,MANAUS NORTE,2,1,1
2026-03-22,OSASCO,4,3,1
2026-03-22,PORTO ALEGRE NORTE,2,2,0
2026-03-23,BELEM CENTRO,23,19,4
2026-03-23,MANAUS CENTRO,42,38,4
2026-03-23,MANAUS NORTE,59,48,11
2026-03-23,OSASCO,39,31,8
2026-03-23,PARINTINS,6,5,1
2026-03-23,PORTO ALEGRE NORTE,6,4,2
2026-03-24,BELEM CENTRO,28,21,7
2026-03-24,MANAUS CENTRO,33,25,8
2026-03-24,MANAUS NORTE,60,50,10
2026-03-24,OSASCO,28,21,7
2026-03-24,PARINTINS,4,4,0
2026-03-24,PORTO ALEGRE NORTE,7,7,0
2026-03-25,BELEM CENTRO,25,24,1
2026-03-25,MANAUS CENTRO,24,18,6
2026-03-25,MANAUS NORTE,50,36,14
2026-03-25,OSASCO,46,36,10
2026-03-25,PARINTINS,4,2,2
2026-03-25,PORTO ALEGRE NORTE,13,11,2
2026-03-26,BELEM CENTRO,24,19,5
2026-03-26,MANAUS CENTRO,33,26,7
2026-03-26,MANAUS NORTE,48,42,6
2026-03-26,OSASCO,29,22,7
2026-03-26,PARINTINS,4,2,2
2026-03-26,PORTO ALEGRE NORTE,7,6,1
2026-03-27,BELEM CENTRO,21,17,4
2026-03-27,MANAUS CENTRO,29,22,7
2026-03-27,MANAUS NORTE,35,30,5
2026-03-27,OSASCO,27,18,9
2026-03-27,PARINTINS,3,1,2
2026-03-27,PORTO ALEGRE NORTE,14,14,0
2026-03-28,BELEM CENTRO,9,7,2
2026-03-28,MANAUS CENTRO,18,15,3
2026-03-28,MANAUS NORTE,20,13,7
2026-03-28,OSASCO,11,9,2
2026-03-28,PARINTINS,3,2,1
2026-03-28,PORTO ALEGRE NORTE,4,3,1
2026-03-29,BELEM CENTRO,3,3,0
2026-03-29,MANAUS CENTRO,3,2,1
2026-03-29,MANAUS NORTE,2,1,1
2026-03-29,OSASCO,3,2,1
2026-03-29,PORTO ALEGRE NORTE,1,1,0
2026-03-30,BELEM CENTRO,35,30,5
2026-03-30,MANAUS CENTRO,55,43,12
2026-03-30,MANAUS NORTE,67,51,16
2026-03-30,OSASCO,38,25,13
2026-03-30,PARINTINS,4,3,1
2026-03-30,PORTO ALEGRE NORTE,20,17,3
2026-03-31,BELEM CENTRO,20,17,3
2026-03-31,MANAUS CENTRO,41,28,13
2026-03-31,MANAUS NORTE,63,49,14
2026-03-31,OSASCO,35,28,7
2026-03-31,PARINTINS,2,2,0
2026-03-31,PORTO ALEGRE NORTE,8,3,5
2026-04-01,BELEM CENTRO,25,17,8
2026-04-01,MANAUS CENTRO,39,28,11
2026-04-01,MANAUS NORTE,59,45,14
2026-04-01,OSASCO,19,13,6
2026-04-01,PARINTINS,5,4,1
2026-04-01,PORTO ALEGRE NORTE,10,6,4
2026-04-02,BELEM CENTRO,16,12,4
2026-04-02,MANAUS CENTRO,31,24,7
2026-04-02,MANAUS NORTE,37,28,9
2026-04-02,OSASCO,23,15,8
2026-04-02,PARINTINS,4,2,2
2026-04-02,PORTO ALEGRE NORTE,11,11,0
2026-04-03,BELEM CENTRO,2,2,0
2026-04-03,MANAUS CENTRO,5,4,1
2026-04-03,MANAUS NORTE,11,8,3
2026-04-03,OSASCO,2,2,0
2026-04-04,BELEM CENTRO,7,7,0
2026-04-04,MANAUS CENTRO,16,12,4
2026-04-04,MANAUS NORTE,14,12,2
2026-04-04,OSASCO,5,5,0
2026-04-04,PORTO ALEGRE NORTE,1,1,0
2026-04-05,BELEM CENTRO,1,1,0
2026-04-05,MANAUS CENTRO,3,3,0
2026-04-05,MANAUS NORTE,5,5,0
2026-04-05,OSASCO,5,5,0
2026-04-05,PORTO ALEGRE NORTE,3,2,1
2026-04-06,BELEM CENTRO,36,31,5
2026-04-06,MANAUS CENTRO,52,43,9
2026-04-06,MANAUS NORTE,51,40,11
2026-04-06,OSASCO,28,19,9
2026-04-06,PARINTINS,5,2,3
2026-04-06,PORTO ALEGRE NORTE,21,17,4
2026-04-07,BELEM CENTRO,41,36,5
2026-04-07,MANAUS CENTRO,59,46,13
2026-04-07,MANAUS NORTE,89,61,28
2026-04-07,OSASCO,28,19,9
2026-04-07,PARINTINS,4,4,0
2026-04-07,PORTO ALEGRE NORTE,12,7,5
2026-04-08,BELEM CENTRO,29,23,6
2026-04-08,MANAUS CENTRO,56,52,4
2026-04-08,MANAUS NORTE,67,48,19
2026-04-08,OSASCO,32,27,5
2026-04-08,PARINTINS,5,2,3
2026-04-08,PORTO ALEGRE NORTE,12,9,3
2026-04-09,BELEM CENTRO,36,28,8
2026-04-09,MANAUS CENTRO,49,43,6
2026-04-09,MANAUS NORTE,48,33,15
2026-04-09,OSASCO,36,27,9
2026-04-09,PARINTINS,8,5,3
2026-04-09,PORTO ALEGRE NORTE,19,15,4
2026-04-10,BELEM CENTRO,17,15,2
2026-04-10,MANAUS CENTRO,43,29,14
2026-04-10,MANAUS NORTE,64,48,16
2026-04-10,OSASCO,31,22,9
2026-04-10,PARINTINS,3,3,0
2026-04-10,PORTO ALEGRE NORTE,4,2,2
2026-04-11,BELEM CENTRO,15,12,3
2026-04-11,MANAUS CENTRO,33,23,10
2026-04-11,MANAUS NORTE,22,14,8
2026-04-11,OSASCO,6,6,0
2026-04-11,PORTO ALEGRE NORTE,5,4,1
2026-04-12,BELEM CENTRO,2,2,0
2026-04-12,MANAUS CENTRO,2,2,0
2026-04-12,MANAUS NORTE,5,4,1
2026-04-12,OSASCO,4,3,1
2026-04-12,PORTO ALEGRE NORTE,3,3,0
2026-04-13,BELEM CENTRO,35,29,6
2026-04-13,MANAUS CENTRO,56,43,13
2026-04-13,MANAUS NORTE,58,44,14
2026-04-13,OSASCO,41,37,4
2026-04-13,PARINTINS,5,4,1
2026-04-13,PORTO ALEGRE NORTE,17,13,4
2026-04-14,BELEM CENTRO,27,25,2
2026-04-14,MANAUS CENTRO,41,37,4
2026-04-14,MANAUS NORTE,40,33,7
2026-04-14,OSASCO,17,12,5
2026-04-14,PARINTINS,2,1,1
2026-04-14,PORTO ALEGRE NORTE,13,10,3
2026-04-15,BELEM CENTRO,31,19,12
2026-04-15,MANAUS CENTRO,59,39,20
2026-04-15,MANAUS NORTE,50,37,13
2026-04-15,OSASCO,25,23,2
2026-04-15,PARINTINS,4,3,1
2026-04-15,PORTO ALEGRE NORTE,10,9,1
2026-04-16,BELEM CENTRO,22,18,4
2026-04-16,MANAUS CENTRO,40,30,10
2026-04-16,MANAUS NORTE,36,29,7
2026-04-16,OSASCO,38,28,10
2026-04-16,PARINTINS,3,2,1
2026-04-16,PORTO ALEGRE NORTE,12,9,3
2026-04-17,BELEM CENTRO,27,20,7
2026-04-17,MANAUS CENTRO,41,22,19
2026-04-17,MANAUS NORTE,40,30,10
2026-04-17,OSASCO,18,17,1
2026-04-17,PARINTINS,1,0,1
2026-04-17,PORTO ALEGRE NORTE,9,7,2
2026-04-18,BELEM CENTRO,13,12,1
2026-04-18,MANAUS CENTRO,21,15,6
2026-04-18,MANAUS NORTE,25,21,4
2026-04-18,OSASCO,9,7,2
2026-04-18,PORTO ALEGRE NORTE,4,3,1
2026-04-19,BELEM CENTRO,3,3,0
2026-04-19,MANAUS CENTRO,3,3,0
2026-04-19,MANAUS NORTE,3,2,1
2026-04-19,OSASCO,4,4,0
2026-04-19,PORTO ALEGRE NORTE,1,1,0
2026-04-20,BELEM CENTRO,23,21,2
2026-04-20,MANAUS CENTRO,29,23,6
2026-04-20,MANAUS NORTE,49,34,15
2026-04-20,OSASCO,16,15,1
2026-04-20,PORTO ALEGRE NORTE,10,8,2
2026-04-21,MANAUS CENTRO,7,6,1
2026-04-21,MANAUS NORTE,10,7,3
2026-04-21,OSASCO,4,3,1
2026-04-21,PORTO ALEGRE NORTE,1,1,0
2026-04-22,BELEM CENTRO,315,249,66
2026-04-22,MANAUS CENTRO,384,268,116
2026-04-22,MANAUS NORTE,518,323,195
2026-04-22,OSASCO,210,160,50
2026-04-22,PARINTINS,150,100,50
2026-04-22,PORTO ALEGRE NORTE,103,70,33
2026-04-23,BELEM CENTRO,34,29,5
2026-04-23,MANAUS CENTRO,58,50,8
2026-04-23,MANAUS NORTE,60,49,11
2026-04-23,OSASCO,53,29,24
2026-04-23,PARINTINS,5,4,1
2026-04-23,PORTO ALEGRE NORTE,19,13,6
2026-04-24,BELEM CENTRO,29,25,4
2026-04-24,MANAUS CENTRO,40,33,7
2026-04-24,MANAUS NORTE,69,51,18
2026-04-24,OSASCO,77,47,30
2026-04-24,PARINTINS,6,5,1
2026-04-24,PORTO ALEGRE NORTE,10,3,7
2026-04-25,BELEM CENTRO,16,12,4
2026-04-25,MANAUS CENTRO,29,24,5
2026-04-25,MANAUS NORTE,44,33,11
2026-04-25,OSASCO,3,2,1
2026-04-25,PORTO ALEGRE NORTE,7,6,1
2026-04-26,BELEM CENTRO,4,2,2
2026-04-26,MANAUS CENTRO,3,2,1
2026-04-26,MANAUS NORTE,5,4,1
2026-04-26,OSASCO,4,4,0
2026-04-26,PORTO ALEGRE NORTE,2,1,1
2026-04-27,BELEM CENTRO,39,33,6
2026-04-27,MANAUS CENTRO,61,53,8
2026-04-27,MANAUS NORTE,87,71,16
2026-04-27,OSASCO,55,40,15
2026-04-27,PARINTINS,6,5,1
2026-04-27,PORTO ALEGRE NORTE,13,10,3
2026-04-28,BELEM CENTRO,43,36,7
2026-04-28,MANAUS CENTRO,59,49,10
2026-04-28,MANAUS NORTE,81,56,25
2026-04-28,OSASCO,50,31,19
2026-04-28,PARINTINS,8,4,4
2026-04-28,PORTO ALEGRE NORTE,20,14,6
2026-04-29,BELEM CENTRO,34,25,9
2026-04-29,MANAUS CENTRO,59,52,7
2026-04-29,MANAUS NORTE,78,54,24
2026-04-29,OSASCO,66,47,19
2026-04-29,PARINTINS,11,5,6
2026-04-29,PORTO ALEGRE NORTE,11,9,2
2026-04-30,BELEM CENTRO,49,40,9
2026-04-30,MANAUS CENTRO,62,46,16
2026-04-30,MANAUS NORTE,101,58,43
2026-04-30,OSASCO,94,72,22
2026-04-30,PARINTINS,14,10,4
2026-04-30,PORTO ALEGRE NORTE,16,6,10
2026-05-01,BELEM CENTRO,3,2,1
2026-05-01,MANAUS CENTRO,6,6,0
2026-05-01,MANAUS NORTE,12,10,2
2026-05-01,OSASCO,2,2,0
2026-05-01,PORTO ALEGRE NORTE,3,2,1
2026-05-02,BELEM CENTRO,5,4,1
2026-05-02,MANAUS CENTRO,17,14,3
2026-05-02,MANAUS NORTE,24,22,2
2026-05-02,OSASCO,5,4,1
2026-05-02,PORTO ALEGRE NORTE,3,3,0
2026-05-03,BELEM CENTRO,1,1,0
2026-05-03,MANAUS CENTRO,4,4,0
2026-05-03,MANAUS NORTE,4,3,1
2026-05-03,OSASCO,6,4,2
2026-05-03,PORTO ALEGRE NORTE,1,1,0
2026-05-04,BELEM CENTRO,28,23,5
2026-05-04,MANAUS CENTRO,40,30,10
2026-05-04,MANAUS NORTE,66,53,13
2026-05-04,OSASCO,36,30,6
2026-05-04,PARINTINS,3,3,0
2026-05-04,PORTO ALEGRE NORTE,7,5,2
2026-05-05,BELEM CENTRO,28,20,8
2026-05-05,MANAUS CENTRO,32,25,7
2026-05-05,MANAUS NORTE,50,42,8
2026-05-05,OSASCO,37,28,9
2026-05-05,PARINTINS,4,4,0
2026-05-05,PORTO ALEGRE NORTE,18,16,2
2026-05-06,BELEM CENTRO,24,19,5
2026-05-06,MANAUS CENTRO,53,43,10
2026-05-06,MANAUS NORTE,52,40,12
2026-05-06,OSASCO,22,13,9
2026-05-06,PARINTINS,7,6,1
2026-05-06,PORTO ALEGRE NORTE,17,13,4
2026-05-07,BELEM CENTRO,15,13,2
2026-05-07,MANAUS CENTRO,31,26,5
2026-05-07,MANAUS NORTE,50,39,11
2026-05-07,OSASCO,42,31,11
2026-05-07,PARINTINS,6,3,3
2026-05-07,PORTO ALEGRE NORTE,15,12,3
2026-05-08,BELEM CENTRO,21,10,11
2026-05-08,MANAUS CENTRO,45,39,6
2026-05-08,MANAUS NORTE,45,36,9
2026-05-08,OSASCO,21,16,5
2026-05-08,PARINTINS,2,1,1
2026-05-08,PORTO ALEGRE NORTE,13,12,1
2026-05-09,BELEM CENTRO,6,4,2
2026-05-09,MANAUS CENTRO,12,9,3
2026-05-09,MANAUS NORTE,21,16,5
2026-05-09,OSASCO,14,10,4
2026-05-09,PORTO ALEGRE NORTE,7,6,1
2026-05-10,BELEM CENTRO,1,1,0
2026-05-10,MANAUS CENTRO,7,7,0
2026-05-10,MANAUS NORTE,1,1,0
2026-05-10,OSASCO,2,2,0
2026-05-10,PORTO ALEGRE NORTE,1,1,0
2026-05-11,BELEM CENTRO,34,19,15
2026-05-11,MANAUS CENTRO,48,39,9
2026-05-11,MANAUS NORTE,57,38,19
2026-05-11,OSASCO,28,17,11
2026-05-11,PARINTINS,9,7,2
2026-05-11,PORTO ALEGRE NORTE,9,6,3
2026-05-12,BELEM CENTRO,40,31,9
2026-05-12,MANAUS CENTRO,49,40,9
2026-05-12,MANAUS NORTE,60,45,15
2026-05-12,OSASCO,24,17,7
2026-05-12,PARINTINS,3,3,0
2026-05-12,PORTO ALEGRE NORTE,12,9,3
2026-05-13,BELEM CENTRO,18,14,4
2026-05-13,MANAUS CENTRO,51,35,16
2026-05-13,MANAUS NORTE,61,48,13
2026-05-13,OSASCO,30,24,6
2026-05-13,PARINTINS,3,2,1
2026-05-13,PORTO ALEGRE NORTE,10,7,3
2026-05-14,BELEM CENTRO,28,25,3
2026-05-14,MANAUS CENTRO,29,22,7
2026-05-14,MANAUS NORTE,55,41,14
2026-05-14,OSASCO,29,22,7
2026-05-14,PARINTINS,1,0,1
2026-05-14,PORTO ALEGRE NORTE,5,3,2
2026-05-15,BELEM CENTRO,23,14,9
2026-05-15,MANAUS CENTRO,29,23,6
2026-05-15,MANAUS NORTE,37,22,15
2026-05-15,OSASCO,23,18,5
2026-05-15,PARINTINS,1,1,0
2026-05-15,PORTO ALEGRE NORTE,13,7,6
2026-05-16,BELEM CENTRO,9,8,1
2026-05-16,MANAUS CENTRO,21,19,2
2026-05-16,MANAUS NORTE,22,18,4
2026-05-16,OSASCO,10,8,2
2026-05-16,PORTO ALEGRE NORTE,5,2,3
2026-05-17,BELEM CENTRO,1,1,0
2026-05-17,MANAUS CENTRO,4,4,0
2026-05-17,MANAUS NORTE,2,2,0
2026-05-17,OSASCO,1,1,0
2026-05-17,PORTO ALEGRE NORTE,3,3,0
2026-05-18,BELEM CENTRO,19,17,2
2026-05-18,MANAUS CENTRO,42,31,11
2026-05-18,MANAUS NORTE,73,52,21
2026-05-18,OSASCO,35,25,10
2026-05-18,PARINTINS,5,4,1
2026-05-18,PORTO ALEGRE NORTE,12,9,3
2026-05-19,BELEM CENTRO,34,24,10
2026-05-19,MANAUS CENTRO,48,40,8
2026-05-19,MANAUS NORTE,55,44,11
2026-05-19,OSASCO,32,25,7
2026-05-19,PARINTINS,2,1,1
2026-05-19,PORTO ALEGRE NORTE,14,13,1
2026-05-20,BELEM CENTRO,25,18,7
2026-05-20,MANAUS CENTRO,35,29,6
2026-05-20,MANAUS NORTE,59,47,12
2026-05-20,OSASCO,37,25,12
2026-05-20,PARINTINS,3,2,1
2026-05-20,PORTO ALEGRE NORTE,9,5,4
2026-05-21,BELEM CENTRO,35,31,4
2026-05-21,MANAUS CENTRO,38,31,7
2026-05-21,MANAUS NORTE,40,29,11
2026-05-21,OSASCO,24,16,8
2026-05-21,PARINTINS,6,5,1
2026-05-21,PORTO ALEGRE NORTE,10,6,4
2026-05-22,BELEM CENTRO,18,16,2
2026-05-22,MANAUS CENTRO,26,23,3
2026-05-22,MANAUS NORTE,49,36,13
2026-05-22,OSASCO,13,9,4
2026-05-22,PARINTINS,1,1,0
2026-05-22,PORTO ALEGRE NORTE,5,0,5
2026-05-23,BELEM CENTRO,10,9,1
2026-05-23,MANAUS CENTRO,26,24,2
2026-05-23,MANAUS NORTE,21,18,3
2026-05-23,OSASCO,13,9,4
2026-05-23,PARINTINS,2,1,1
2026-05-23,PORTO ALEGRE NORTE,4,3,1
2026-05-24,BELEM CENTRO,2,2,0
2026-05-24,MANAUS CENTRO,3,2,1
2026-05-24,MANAUS NORTE,3,3,0
2026-05-24,OSASCO,1,1,0
2026-05-24,PORTO ALEGRE NORTE,2,2,0
2026-05-25,BELEM CENTRO,31,27,4
2026-05-25,MANAUS CENTRO,31,28,3
2026-05-25,MANAUS NORTE,70,57,13
2026-05-25,OSASCO,34,28,6
2026-05-25,PARINTINS,4,2,2
2026-05-25,PORTO ALEGRE NORTE,14,13,1
2026-05-26,BELEM CENTRO,36,33,3
2026-05-26,MANAUS CENTRO,38,29,9
2026-05-26,MANAUS NORTE,62,46,16
2026-05-26,OSASCO,51,37,14
2026-05-26,PARINTINS,6,5,1
2026-05-26,PORTO ALEGRE NORTE,12,9,3
2026-05-27,BELEM CENTRO,24,19,5
2026-05-27,MANAUS CENTRO,45,34,11
2026-05-27,MANAUS NORTE,72,60,12
2026-05-27,OSASCO,31,24,7
2026-05-27,PARINTINS,1,0,1
2026-05-27,PORTO ALEGRE NORTE,11,10,1
2026-05-28,BELEM CENTRO,33,26,7
2026-05-28,MANAUS CENTRO,51,43,8
2026-05-28,MANAUS NORTE,71,51,20
2026-05-28,OSASCO,35,27,8
2026-05-28,PARINTINS,17,10,7
2026-05-28,PORTO ALEGRE NORTE,15,13,2
2026-05-29,BELEM CENTRO,37,31,6
2026-05-29,MANAUS CENTRO,44,30,14
2026-05-29,MANAUS NORTE,65,52,13
2026-05-29,OSASCO,30,19,11
2026-05-29,PARINTINS,14,5,9
2026-05-29,PORTO ALEGRE NORTE,15,13,2
2026-05-30,BELEM CENTRO,22,14,8
2026-05-30,MANAUS CENTRO,25,17,8
2026-05-30,MANAUS NORTE,29,21,8
2026-05-30,OSASCO,16,14,2
2026-05-30,PARINTINS,2,2,0
2026-05-30,PORTO ALEGRE NORTE,5,4,1
2026-05-31,BELEM CENTRO,3,2,1
2026-05-31,MANAUS CENTRO,6,4,2
2026-05-31,MANAUS NORTE,9,7,2
2026-05-31,OSASCO,4,4,0
2026-05-31,PORTO ALEGRE NORTE,3,3,0
2026-06-01,BELEM CENTRO,20,17,3
2026-06-01,MANAUS CENTRO,70,61,9
2026-06-01,MANAUS NORTE,76,61,15
2026-06-01,OSASCO,24,18,6
2026-06-01,PARINTINS,4,2,2
2026-06-01,PORTO ALEGRE NORTE,12,9,3
2026-06-02,BELEM CENTRO,31,24,7
2026-06-02,MANAUS CENTRO,44,35,9
2026-06-02,MANAUS NORTE,72,55,17
2026-06-02,OSASCO,16,11,5
2026-06-02,PARINTINS,4,2,2
2026-06-02,PORTO ALEGRE NORTE,6,3,3
2026-06-03,BELEM CENTRO,39,27,12
2026-06-03,MANAUS CENTRO,52,40,12
2026-06-03,MANAUS NORTE,52,41,11
2026-06-03,OSASCO,28,25,3
2026-06-03,PARINTINS,5,3,2
2026-06-03,PORTO ALEGRE NORTE,8,5,3
2026-06-04,BELEM CENTRO,10,6,4
2026-06-04,MANAUS CENTRO,5,3,2
2026-06-04,MANAUS NORTE,21,17,4
2026-06-04,OSASCO,4,4,0
2026-06-04,PARINTINS,2,1,1
2026-06-04,PORTO ALEGRE NORTE,2,2,0
2026-06-05,BELEM CENTRO,38,30,8
2026-06-05,MANAUS CENTRO,43,36,7
2026-06-05,MANAUS NORTE,49,38,11
2026-06-05,OSASCO,21,15,6
2026-06-05,PARINTINS,4,2,2
2026-06-05,PORTO ALEGRE NORTE,13,7,6
2026-06-06,BELEM CENTRO,4,4,0
2026-06-06,MANAUS CENTRO,24,20,4
2026-06-06,MANAUS NORTE,23,20,3
2026-06-06,OSASCO,12,10,2
2026-06-06,PARINTINS,2,2,0
2026-06-06,PORTO ALEGRE NORTE,4,4,0
2026-06-07,BELEM CENTRO,3,3,0
2026-06-07,MANAUS CENTRO,2,2,0
2026-06-07,MANAUS NORTE,5,4,1
2026-06-07,OSASCO,3,3,0
2026-06-07,PORTO ALEGRE NORTE,5,3,2
2026-06-08,BELEM CENTRO,31,24,7
2026-06-08,MANAUS CENTRO,59,45,14
2026-06-08,MANAUS NORTE,79,62,17
2026-06-08,OSASCO,26,20,6
2026-06-08,PARINTINS,3,3,0
2026-06-08,PORTO ALEGRE NORTE,15,8,7
2026-06-09,BELEM CENTRO,44,33,11
2026-06-09,MANAUS CENTRO,45,36,9
2026-06-09,MANAUS NORTE,56,43,13
2026-06-09,OSASCO,26,23,3
2026-06-09,PARINTINS,5,2,3
2026-06-09,PORTO ALEGRE NORTE,17,13,4
2026-06-10,BELEM CENTRO,40,31,9
2026-06-10,MANAUS CENTRO,53,42,11
2026-06-10,MANAUS NORTE,54,44,10
2026-06-10,OSASCO,27,20,7
2026-06-10,PARINTINS,1,1,0
2026-06-10,PORTO ALEGRE NORTE,8,8,0
2026-06-11,BELEM CENTRO,30,25,5
2026-06-11,MANAUS CENTRO,31,26,5
2026-06-11,MANAUS NORTE,53,36,17
2026-06-11,OSASCO,32,17,15
2026-06-11,PARINTINS,1,1,0
2026-06-11,PORTO ALEGRE NORTE,10,9,1
2026-06-12,BELEM CENTRO,17,16,1
2026-06-12,MANAUS CENTRO,36,27,9
2026-06-12,MANAUS NORTE,57,43,14
2026-06-12,OSASCO,19,15,4
2026-06-12,PARINTINS,4,2,2
2026-06-12,PORTO ALEGRE NORTE,11,8,3
2026-06-13,BELEM CENTRO,4,3,1
2026-06-13,MANAUS CENTRO,6,5,1
2026-06-13,MANAUS NORTE,15,12,3
2026-06-13,OSASCO,3,3,0
2026-06-13,PARINTINS,1,1,0
2026-06-13,PORTO ALEGRE NORTE,5,5,0
2026-06-14,MANAUS CENTRO,7,7,0
2026-06-14,MANAUS NORTE,2,1,1
2026-06-14,OSASCO,2,2,0
2026-06-14,PORTO ALEGRE NORTE,1,1,0
2026-06-15,BELEM CENTRO,81,65,16
2026-06-15,MANAUS CENTRO,76,58,18
2026-06-15,MANAUS NORTE,107,83,24
2026-06-15,OSASCO,50,38,12
2026-06-15,PARINTINS,23,12,11
2026-06-15,PORTO ALEGRE NORTE,16,12,4
2026-06-16,BELEM CENTRO,59,44,15
2026-06-16,MANAUS CENTRO,86,59,27
2026-06-16,MANAUS NORTE,92,76,16
2026-06-16,OSASCO,40,27,13
2026-06-16,PARINTINS,12,6,6
2026-06-16,PORTO ALEGRE NORTE,24,16,8
2026-06-17,BELEM CENTRO,51,39,12
2026-06-17,MANAUS CENTRO,48,37,11
2026-06-17,MANAUS NORTE,78,52,26
2026-06-17,OSASCO,49,38,11
2026-06-17,PARINTINS,5,3,2
2026-06-17,PORTO ALEGRE NORTE,16,13,3
2026-06-18,BELEM CENTRO,40,33,7
2026-06-18,MANAUS CENTRO,51,34,17
2026-06-18,MANAUS NORTE,72,55,17
2026-06-18,OSASCO,46,34,12
2026-06-18,PARINTINS,5,3,2
2026-06-18,PORTO ALEGRE NORTE,21,18,3
2026-06-19,BELEM CENTRO,29,18,11
2026-06-19,MANAUS CENTRO,57,41,16
2026-06-19,MANAUS NORTE,66,46,20
2026-06-19,OSASCO,27,23,4
2026-06-19,PARINTINS,9,8,1
2026-06-19,PORTO ALEGRE NORTE,20,17,3
2026-06-20,BELEM CENTRO,15,14,1
2026-06-20,MANAUS CENTRO,27,21,6
2026-06-20,MANAUS NORTE,32,26,6
2026-06-20,OSASCO,17,15,2
2026-06-20,PARINTINS,5,1,4
2026-06-20,PORTO ALEGRE NORTE,8,7,1
2026-06-21,BELEM CENTRO,2,2,0
2026-06-21,MANAUS CENTRO,2,1,1
2026-06-21,MANAUS NORTE,1,1,0
2026-06-21,OSASCO,1,0,1
2026-06-21,PORTO ALEGRE NORTE,1,1,0
2026-06-22,BELEM CENTRO,27,23,4
2026-06-22,MANAUS CENTRO,44,34,10
2026-06-22,MANAUS NORTE,61,50,11
2026-06-22,OSASCO,24,20,4
2026-06-22,PARINTINS,3,2,1
2026-06-22,PORTO ALEGRE NORTE,9,2,7
2026-06-23,BELEM CENTRO,34,20,14
2026-06-23,MANAUS CENTRO,46,36,10
2026-06-23,MANAUS NORTE,57,43,14
2026-06-23,OSASCO,27,21,6
2026-06-23,PARINTINS,1,1,0
2026-06-23,PORTO ALEGRE NORTE,15,12,3
2026-06-24,BELEM CENTRO,15,7,8
2026-06-24,MANAUS CENTRO,33,27,6
2026-06-24,MANAUS NORTE,30,16,14
2026-06-24,OSASCO,34,25,9
2026-06-24,PORTO ALEGRE NORTE,9,4,5
2026-06-25,BELEM CENTRO,14,10,4
2026-06-25,MANAUS CENTRO,28,22,6
2026-06-25,MANAUS NORTE,32,23,9
2026-06-25,OSASCO,22,18,4
2026-06-25,PORTO ALEGRE NORTE,3,3,0
2026-06-26,BELEM CENTRO,22,16,6
2026-06-26,MANAUS CENTRO,39,26,13
2026-06-26,MANAUS NORTE,49,32,17
2026-06-26,OSASCO,16,11,5
2026-06-26,PORTO ALEGRE NORTE,10,8,2
2026-06-27,BELEM CENTRO,11,9,2
2026-06-27,MANAUS CENTRO,20,17,3
2026-06-27,MANAUS NORTE,20,15,5
2026-06-27,OSASCO,7,6,1
2026-06-27,PORTO ALEGRE NORTE,4,4,0
2026-06-28,BELEM CENTRO,1,1,0
2026-06-28,MANAUS CENTRO,1,1,0
2026-06-28,MANAUS NORTE,4,4,0
2026-06-28,OSASCO,3,3,0
2026-06-28,PORTO ALEGRE NORTE,1,1,0
2026-06-29,BELEM CENTRO,9,8,1
2026-06-29,MANAUS CENTRO,12,11,1
2026-06-29,MANAUS NORTE,34,21,13
2026-06-29,OSASCO,8,7,1
2026-06-29,PARINTINS,2,2,0
2026-06-29,PORTO ALEGRE NORTE,10,8,2
2026-06-30,BELEM CENTRO,39,27,12
2026-06-30,MANAUS CENTRO,52,42,10
2026-06-30,MANAUS NORTE,72,53,19
2026-06-30,OSASCO,28,19,9
2026-06-30,PARINTINS,8,6,2
2026-06-30,PORTO ALEGRE NORTE,17,15,2
2026-07-01,BELEM CENTRO,18,13,5
2026-07-01,MANAUS CENTRO,56,45,11
2026-07-01,MANAUS NORTE,67,51,16
2026-07-01,OSASCO,21,16,5
2026-07-01,PARINTINS,7,7,0
2026-07-01,PORTO ALEGRE NORTE,14,12,2
2026-07-02,BELEM CENTRO,15,10,5
2026-07-02,MANAUS CENTRO,47,38,9
2026-07-02,MANAUS NORTE,51,39,12
2026-07-02,OSASCO,23,20,3
2026-07-02,PARINTINS,1,1,0
2026-07-02,PORTO ALEGRE NORTE,9,6,3
2026-07-03,BELEM CENTRO,25,19,6
2026-07-03,MANAUS CENTRO,39,28,11
2026-07-03,MANAUS NORTE,57,45,12
2026-07-03,OSASCO,31,27,4
2026-07-03,PARINTINS,3,3,0
2026-07-03,PORTO ALEGRE NORTE,17,15,2
2026-07-04,BELEM CENTRO,4,4,0
2026-07-04,MANAUS CENTRO,16,13,3
2026-07-04,MANAUS NORTE,22,16,6
2026-07-04,OSASCO,7,5,2
2026-07-04,PARINTINS,1,0,1
2026-07-04,PORTO ALEGRE NORTE,7,5,2
2026-07-05,BELEM CENTRO,3,3,0
2026-07-05,MANAUS CENTRO,3,3,0
2026-07-05,MANAUS NORTE,2,2,0
2026-07-05,OSASCO,8,7,1
2026-07-05,PORTO ALEGRE NORTE,1,1,0
2026-07-06,BELEM CENTRO,21,16,5
2026-07-06,MANAUS CENTRO,51,39,12
2026-07-06,MANAUS NORTE,62,46,16
2026-07-06,OSASCO,37,28,9
2026-07-06,PARINTINS,7,4,3
2026-07-06,PORTO ALEGRE NORTE,22,17,5
2026-07-07,BELEM CENTRO,25,21,4
2026-07-07,MANAUS CENTRO,54,45,9
2026-07-07,MANAUS NORTE,63,44,19
2026-07-07,OSASCO,37,29,8
2026-07-07,PARINTINS,11,6,5
2026-07-07,PORTO ALEGRE NORTE,17,14,3
2026-07-08,BELEM CENTRO,30,20,10
2026-07-08,MANAUS CENTRO,54,47,7
2026-07-08,MANAUS NORTE,64,46,18
2026-07-08,OSASCO,27,21,6
2026-07-08,PARINTINS,3,2,1
2026-07-08,PORTO ALEGRE NORTE,14,8,6
2026-07-09,BELEM CENTRO,34,24,10
2026-07-09,MANAUS CENTRO,43,33,10
2026-07-09,MANAUS NORTE,52,44,8
2026-07-09,OSASCO,8,7,1
2026-07-09,PARINTINS,5,4,1
2026-07-09,PORTO ALEGRE NORTE,18,9,9
2026-07-10,BELEM CENTRO,15,13,2
2026-07-10,MANAUS CENTRO,32,27,5
2026-07-10,MANAUS NORTE,47,34,13
2026-07-10,OSASCO,32,25,7
2026-07-10,PARINTINS,2,1,1
2026-07-10,PORTO ALEGRE NORTE,16,12,4
2026-07-11,BELEM CENTRO,9,8,1
2026-07-11,MANAUS CENTRO,18,14,4
2026-07-11,MANAUS NORTE,33,27,6
2026-07-11,OSASCO,16,12,4
2026-07-11,PORTO ALEGRE NORTE,5,3,2
2026-07-12,MANAUS CENTRO,3,3,0
2026-07-12,MANAUS NORTE,9,8,1
2026-07-12,OSASCO,5,5,0
2026-07-12,PORTO ALEGRE NORTE,2,2,0
2026-07-13,BELEM CENTRO,33,26,7
2026-07-13,MANAUS CENTRO,63,48,15
2026-07-13,MANAUS NORTE,67,48,19
2026-07-13,OSASCO,36,24,12
2026-07-13,PARINTINS,2,2,0
2026-07-13,PORTO ALEGRE NORTE,20,15,5
2026-07-14,BELEM CENTRO,25,22,3
2026-07-14,MANAUS CENTRO,51,40,11
2026-07-14,MANAUS NORTE,62,48,14
2026-07-14,OSASCO,41,33,8
2026-07-14,PARINTINS,3,2,1
2026-07-14,PORTO ALEGRE NORTE,16,14,2
2026-07-15,BELEM CENTRO,17,14,3
2026-07-15,MANAUS CENTRO,38,30,8
2026-07-15,MANAUS NORTE,49,34,15
2026-07-15,OSASCO,29,21,8
2026-07-15,PARINTINS,5,3,2
2026-07-15,PORTO ALEGRE NORTE,12,6,6
2026-07-16,BELEM CENTRO,19,16,3
2026-07-16,MANAUS CENTRO,40,34,6
2026-07-16,MANAUS NORTE,49,36,13
2026-07-16,OSASCO,30,21,9
2026-07-16,PARINTINS,1,0,1
2026-07-16,PORTO ALEGRE NORTE,18,11,7
2026-07-17,BELEM CENTRO,14,11,3
2026-07-17,MANAUS CENTRO,35,24,11
2026-07-17,MANAUS NORTE,35,23,12
2026-07-17,OSASCO,19,12,7
2026-07-17,PARINTINS,3,2,1
2026-07-17,PORTO ALEGRE NORTE,8,4,4
2026-07-18,BELEM CENTRO,4,4,0
2026-07-18,MANAUS CENTRO,9,6,3
2026-07-18,MANAUS NORTE,26,21,5
2026-07-18,OSASCO,9,6,3
2026-07-18,PARINTINS,1,1,0
2026-07-18,PORTO ALEGRE NORTE,4,3,1
2026-07-19,BELEM CENTRO,3,3,0
2026-07-19,MANAUS CENTRO,5,5,0
2026-07-19,MANAUS NORTE,1,1,0
2026-07-19,PORTO ALEGRE NORTE,1,1,0
2026-07-20,BELEM CENTRO,45,38,7
2026-07-20,MANAUS CENTRO,100,71,29
2026-07-20,MANAUS NORTE,99,74,25
2026-07-20,OSASCO,47,35,12
2026-07-20,PARINTINS,10,7,3
2026-07-20,PORTO ALEGRE NORTE,38,30,8
2026-07-21,BELEM CENTRO,59,47,12
2026-07-21,MANAUS CENTRO,84,53,31
2026-07-21,MANAUS NORTE,92,67,25
2026-07-21,OSASCO,27,20,7
2026-07-21,PARINTINS,9,5,4
2026-07-21,PORTO ALEGRE NORTE,18,14,4
2026-07-22,BELEM CENTRO,37,25,12
2026-07-22,MANAUS CENTRO,64,50,14
2026-07-22,MANAUS NORTE,94,64,30
2026-07-22,OSASCO,40,30,10
2026-07-22,PARINTINS,7,2,5
2026-07-22,PORTO ALEGRE NORTE,26,18,8
2026-07-23,BELEM CENTRO,39,32,7
2026-07-23,MANAUS CENTRO,70,56,14
2026-07-23,MANAUS NORTE,73,53,20
2026-07-23,OSASCO,36,26,10
2026-07-23,PARINTINS,10,10,0
2026-07-23,PORTO ALEGRE NORTE,20,10,10
2026-07-24,BELEM CENTRO,27,25,2
2026-07-24,MANAUS CENTRO,50,37,13
2026-07-24,MANAUS NORTE,63,41,22
2026-07-24,OSASCO,38,29,9
2026-07-24,PARINTINS,9,6,3
2026-07-24,PORTO ALEGRE NORTE,12,10,2
2026-07-25,BELEM CENTRO,17,14,3
2026-07-25,MANAUS CENTRO,22,17,5
2026-07-25,MANAUS NORTE,41,31,10
2026-07-25,OSASCO,12,12,0
2026-07-25,PARINTINS,2,1,1
2026-07-25,PORTO ALEGRE NORTE,9,8,1
2026-07-26,BELEM CENTRO,1,1,0
2026-07-26,MANAUS CENTRO,3,3,0
2026-07-26,MANAUS NORTE,5,3,2
2026-07-26,OSASCO,4,3,1
2026-07-26,PORTO ALEGRE NORTE,4,4,0
2026-07-27,BELEM CENTRO,50,41,9
2026-07-27,MANAUS CENTRO,55,47,8
2026-07-27,MANAUS NORTE,84,66,18
2026-07-27,OSASCO,39,29,10
2026-07-27,PARINTINS,2,1,1
2026-07-27,PORTO ALEGRE NORTE,9,7,2
2026-07-28,BELEM CENTRO,42,31,11
2026-07-28,MANAUS CENTRO,65,50,15
2026-07-28,MANAUS NORTE,83,62,21
2026-07-28,OSASCO,30,17,13
2026-07-28,PARINTINS,9,5,4
2026-07-28,PORTO ALEGRE NORTE,20,14,6
2026-07-29,BELEM CENTRO,38,33,5
2026-07-29,MANAUS CENTRO,48,30,18
2026-07-29,MANAUS NORTE,71,50,21
2026-07-29,OSASCO,29,19,10
2026-07-29,PARINTINS,8,7,1
2026-07-29,PORTO ALEGRE NORTE,14,12,2
2026-07-30,BELEM CENTRO,43,32,11
2026-07-30,MANAUS CENTRO,62,51,11
2026-07-30,MANAUS NORTE,95,66,29
2026-07-30,OSASCO,38,26,12
2026-07-30,PARINTINS,9,9,0
2026-07-30,PORTO ALEGRE NORTE,12,11,1
2026-07-31,BELEM CENTRO,41,33,8
2026-07-31,MANAUS CENTRO,90,69,21
2026-07-31,MANAUS NORTE,110,72,38
2026-07-31,OSASCO,32,28,4
2026-07-31,PARINTINS,23,15,8
2026-07-31,PORTO ALEGRE NORTE,18,13,5
2026-08-01,BELEM CENTRO,4,4,0
2026-08-01,MANAUS CENTRO,9,8,1
2026-08-01,MANAUS NORTE,26,20,6
2026-08-01,OSASCO,6,3,3
2026-08-01,PORTO ALEGRE NORTE,4,3,1
2026-08-02,BELEM CENTRO,2,2,0
2026-08-02,MANAUS NORTE,3,3,0
2026-08-02,OSASCO,2,2,0
2026-08-02,PORTO ALEGRE NORTE,1,1,0
2026-08-03,BELEM CENTRO,30,24,6
2026-08-03,MANAUS CENTRO,48,41,7
2026-08-03,MANAUS NORTE,57,49,8
2026-08-03,OSASCO,30,22,8
2026-08-03,PARINTINS,2,1,1
2026-08-03,PORTO ALEGRE NORTE,16,11,5
2026-08-04,BELEM CENTRO,25,21,4
2026-08-04,MANAUS CENTRO,44,35,9
2026-08-04,MANAUS NORTE,64,53,11
2026-08-04,OSASCO,25,17,8
2026-08-04,PARINTINS,8,7,1
2026-08-04,PORTO ALEGRE NORTE,10,6,4
2026-08-05,BELEM CENTRO,44,36,8
2026-08-05,MANAUS CENTRO,51,41,10
2026-08-05,MANAUS NORTE,85,60,25
2026-08-05,OSASCO,46,31,15
2026-08-05,PARINTINS,11,7,4
2026-08-05,PORTO ALEGRE NORTE,20,12,8
2026-08-06,BELEM CENTRO,35,24,11
2026-08-06,MANAUS CENTRO,54,44,10
2026-08-06,MANAUS NORTE,66,51,15
2026-08-06,OSASCO,37,27,10
2026-08-06,PARINTINS,11,9,2
2026-08-06,PORTO ALEGRE NORTE,24,16,8
2026-08-07,BELEM CENTRO,32,24,8
2026-08-07,MANAUS CENTRO,61,44,17
2026-08-07,MANAUS NORTE,54,37,17
2026-08-07,OSASCO,42,27,15
2026-08-07,PARINTINS,6,3,3
2026-08-07,PORTO ALEGRE NORTE,17,10,7
2026-08-08,BELEM CENTRO,12,10,2
2026-08-08,MANAUS CENTRO,21,19,2
2026-08-08,MANAUS NORTE,27,19,8
2026-08-08,OSASCO,19,15,4
2026-08-08,PARINTINS,2,2,0
2026-08-08,PORTO ALEGRE NORTE,9,8,1
2026-08-09,MANAUS CENTRO,5,3,2
2026-08-09,MANAUS NORTE,4,4,0
2026-08-09,OSASCO,8,6,2
2026-08-09,PORTO ALEGRE NORTE,2,2,0
2026-08-10,BELEM CENTRO,47,30,17
2026-08-10,MANAUS CENTRO,69,52,17
2026-08-10,MANAUS NORTE,89,61,28
2026-08-10,OSASCO,49,31,18
2026-08-10,PARINTINS,4,1,3
2026-08-10,PORTO ALEGRE NORTE,23,14,9
2026-08-11,BELEM CENTRO,51,37,14
2026-08-11,MANAUS CENTRO,70,53,17
2026-08-11,MANAUS NORTE,74,50,24
2026-08-11,OSASCO,37,32,5
2026-08-11,PARINTINS,11,9,2
2026-08-11,PORTO ALEGRE NORTE,25,18,7
2026-08-12,BELEM CENTRO,32,26,6
2026-08-12,MANAUS CENTRO,59,50,9
2026-08-12,MANAUS NORTE,73,56,17
2026-08-12,OSASCO,38,28,10
2026-08-12,PARINTINS,7,3,4
2026-08-12,PORTO ALEGRE NORTE,16,7,9
2026-08-13,BELEM CENTRO,44,33,11
2026-08-13,MANAUS CENTRO,59,44,15
2026-08-13,MANAUS NORTE,66,49,17
2026-08-13,OSASCO,34,22,12
2026-08-13,PARINTINS,14,7,7
2026-08-13,PORTO ALEGRE NORTE,17,7,10
2026-08-14,BELEM CENTRO,33,25,8
2026-08-14,MANAUS CENTRO,39,34,5
2026-08-14,MANAUS NORTE,45,31,14
2026-08-14,OSASCO,43,20,23
2026-08-14,PARINTINS,7,6,1
2026-08-14,PORTO ALEGRE NORTE,8,4,4
2026-08-15,BELEM CENTRO,2,2,0
2026-08-15,MANAUS CENTRO,20,20,0
2026-08-15,MANAUS NORTE,35,28,7
2026-08-15,OSASCO,18,14,4
2026-08-15,PARINTINS,5,3,2
2026-08-15,PORTO ALEGRE NORTE,2,1,1
2026-08-16,BELEM CENTRO,3,2,1
2026-08-16,MANAUS CENTRO,2,2,0
2026-08-16,MANAUS NORTE,8,7,1
2026-08-16,OSASCO,9,9,0
2026-08-16,PORTO ALEGRE NORTE,3,3,0
2026-08-17,BELEM CENTRO,41,25,16
2026-08-17,MANAUS CENTRO,54,45,9
2026-08-17,MANAUS NORTE,71,55,16
2026-08-17,OSASCO,46,30,16
2026-08-17,PARINTINS,7,4,3
2026-08-17,PORTO ALEGRE NORTE,11,7,4
2026-08-18,BELEM CENTRO,41,29,12
2026-08-18,MANAUS CENTRO,51,32,19
2026-08-18,MANAUS NORTE,65,48,17
2026-08-18,OSASCO,61,46,15
2026-08-18,PARINTINS,8,6,2
2026-08-18,PORTO ALEGRE NORTE,20,15,5
2026-08-19,BELEM CENTRO,33,21,12
2026-08-19,MANAUS CENTRO,39,31,8
2026-08-19,MANAUS NORTE,76,59,17
2026-08-19,OSASCO,44,38,6
2026-08-19,PARINTINS,9,4,5
2026-08-19,PORTO ALEGRE NORTE,16,14,2
2026-08-20,BELEM CENTRO,24,17,7
2026-08-20,MANAUS CENTRO,43,31,12
2026-08-20,MANAUS NORTE,59,50,9
2026-08-20,OSASCO,51,33,18
2026-08-20,PARINTINS,16,14,2
2026-08-20,PORTO ALEGRE NORTE,23,15,8
2026-08-21,BELEM CENTRO,31,20,11
2026-08-21,MANAUS CENTRO,30,26,4
2026-08-21,MANAUS NORTE,53,42,11
2026-08-21,OSASCO,57,35,22
2026-08-21,PARINTINS,10,8,2
2026-08-21,PORTO ALEGRE NORTE,18,15,3
2026-08-22,BELEM CENTRO,16,9,7
2026-08-22,MANAUS CENTRO,22,18,4
2026-08-22,MANAUS NORTE,20,16,4
2026-08-22,OSASCO,7,6,1
2026-08-22,PARINTINS,4,4,0
2026-08-22,PORTO ALEGRE NORTE,7,6,1
2026-08-23,BELEM CENTRO,3,2,1
2026-08-23,MANAUS CENTRO,3,3,0
2026-08-23,MANAUS NORTE,5,4,1
2026-08-23,OSASCO,5,4,1
2026-08-23,PORTO ALEGRE NORTE,2,1,1
2026-08-24,BELEM CENTRO,37,27,10
2026-08-24,MANAUS CENTRO,58,41,17
2026-08-24,MANAUS NORTE,92,78,14
2026-08-24,OSASCO,40,33,7
2026-08-24,PARINTINS,11,9,2
2026-08-24,PORTO ALEGRE NORTE,21,13,8
2026-08-25,BELEM CENTRO,41,36,5
2026-08-25,MANAUS CENTRO,51,39,12
2026-08-25,MANAUS NORTE,59,48,11
2026-08-25,OSASCO,52,32,20
2026-08-25,PARINTINS,8,6,2
2026-08-25,PORTO ALEGRE NORTE,23,13,10
2026-08-26,BELEM CENTRO,29,16,13
2026-08-26,MANAUS CENTRO,57,42,15
2026-08-26,MANAUS NORTE,75,51,24
2026-08-26,OSASCO,40,28,12
2026-08-26,PARINTINS,6,3,3
2026-08-26,PORTO ALEGRE NORTE,18,9,9
2026-08-27,BELEM CENTRO,28,21,7
2026-08-27,MANAUS CENTRO,53,43,10
2026-08-27,MANAUS NORTE,59,44,15
2026-08-27,OSASCO,53,33,20
2026-08-27,PARINTINS,6,4,2
2026-08-27,PORTO ALEGRE NORTE,18,11,7
2026-08-28,BELEM CENTRO,26,22,4
2026-08-28,MANAUS CENTRO,53,45,8
2026-08-28,MANAUS NORTE,63,46,17
2026-08-28,OSASCO,47,30,17
2026-08-28,PARINTINS,5,3,2
2026-08-28,PORTO ALEGRE NORTE,19,12,7
2026-08-29,BELEM CENTRO,21,18,3
2026-08-29,MANAUS CENTRO,27,27,0
2026-08-29,MANAUS NORTE,37,32,5
2026-08-29,OSASCO,14,11,3
2026-08-29,PORTO ALEGRE NORTE,5,4,1
2026-08-30,BELEM CENTRO,3,2,1
2026-08-30,MANAUS CENTRO,5,4,1
2026-08-30,MANAUS NORTE,8,5,3
2026-08-30,OSASCO,9,7,2
2026-08-30,PORTO ALEGRE NORTE,2,2,0
2026-08-31,BELEM CENTRO,60,39,21
2026-08-31,MANAUS CENTRO,86,68,18
2026-08-31,MANAUS NORTE,104,71,33
2026-08-31,OSASCO,49,37,12
2026-08-31,PARINTINS,27,19,8
2026-08-31,PORTO ALEGRE NORTE,34,22,12
2026-09-01,BELEM CENTRO,26,22,4
2026-09-01,MANAUS CENTRO,42,36,6
2026-09-01,MANAUS NORTE,42,31,11
2026-09-01,OSASCO,15,14,1
2026-09-01,PARINTINS,3,3,0
2026-09-01,PORTO ALEGRE NORTE,13,9,4
2026-09-02,BELEM CENTRO,23,14,9
2026-09-02,MANAUS CENTRO,32,30,2
2026-09-02,MANAUS NORTE,57,39,18
2026-09-02,OSASCO,30,24,6
2026-09-02,PARINTINS,5,4,1
2026-09-02,PORTO ALEGRE NORTE,10,6,4
2026-09-03,BELEM CENTRO,22,19,3
2026-09-03,MANAUS CENTRO,41,33,8
2026-09-03,MANAUS NORTE,47,33,14
2026-09-03,OSASCO,29,22,7
2026-09-03,PARINTINS,3,1,2
2026-09-03,PORTO ALEGRE NORTE,7,7,0
2026-09-04,BELEM CENTRO,28,20,8
2026-09-04,MANAUS CENTRO,35,24,11
2026-09-04,MANAUS NORTE,33,20,13
2026-09-04,OSASCO,26,22,4
2026-09-04,PARINTINS,5,5,0
2026-09-04,PORTO ALEGRE NORTE,9,3,6
2026-09-05,BELEM CENTRO,122,83,39
2026-09-05,MANAUS CENTRO,107,89,18
2026-09-05,MANAUS NORTE,166,91,75
2026-09-05,OSASCO,38,27,11
2026-09-05,PARINTINS,39,28,11
2026-09-05,PORTO ALEGRE NORTE,34,21,13
2026-09-06,BELEM CENTRO,11,11,0
2026-09-06,MANAUS CENTRO,14,11,3
2026-09-06,MANAUS NORTE,21,12,9
2026-09-06,OSASCO,6,5,1
2026-09-06,PARINTINS,20,19,1
2026-09-06,PORTO ALEGRE NORTE,5,3,2
2026-09-07,BELEM CENTRO,36,33,3
2026-09-07,MANAUS CENTRO,61,39,22
2026-09-07,MANAUS NORTE,48,29,19
2026-09-07,OSASCO,3,3,0
2026-09-07,PARINTINS,30,24,6
2026-09-07,PORTO ALEGRE NORTE,9,3,6
